packet_seq_no,packet_delay_in_secs,flow_id
1,0.00615,6
1,0.00617,7
2,0.279244,6
10,0.76847,6
26,1.17718,6
42,1.586,6
58,1.994869,6
74,2.402051,6
90,2.811008,6
7,4.209807,7
23,4.619369,7
39,5.026303,7
55,5.458026,7
71,5.864441,7
87,6.275063,7
2,7.693194,8
4,8.241867,9
21,8.642695,8
31,9.10924,8
40,9.586865,8
50,10.0459,8
20,10.924688,9
69,11.000121,8
