packet_seq_no,packet_delay_in_secs,flow_id
1,0.005889,6
1,0.005916,7
2,0.28028,6
10,0.7692,6
26,1.176892,6
42,1.592091,6
58,1.994479,6
74,2.402542,6
90,2.810293,6
7,4.209808,7
23,4.617586,7
39,5.029443,7
55,5.458078,7
71,5.86537,7
87,6.276688,7
2,7.695679,8
4,8.241222,9
7,8.787695,9
10,9.347135,9
40,9.587919,8
50,10.056017,8
20,10.928881,9
69,11.005434,8
78,11.483568,8
88,11.968564,8
33,13.072911,10
39,13.577374,9
48,14.056093,10
56,14.544138,10
64,15.045311,10
72,15.523108,10
80,16.029416,10
88,16.497552,10
95,17.003009,9
