{
	"start":	{
		"connected":	[{
				"socket":	5,
				"local_host":	"192.168.0.1",
				"local_port":	37021,
				"remote_host":	"192.168.0.2",
				"remote_port":	5005
			}],
		"version":	"iperf 3.7",
		"system_info":	"Linux wifi-VirtualBox 5.4.0-52-generic #57-Ubuntu SMP Thu Oct 15 10:57:00 UTC 2020 x86_64",
		"timestamp":	{
			"time":	"Thu, 22 Oct 2020 22:16:40 GMT",
			"timesecs":	1603405000
		},
		"connecting_to":	{
			"host":	"192.168.0.2",
			"port":	5005
		},
		"cookie":	"u7t2krb2thsylhokut553eui55bcy5er3ndx",
		"sock_bufsize":	0,
		"sndbuf_actual":	212992,
		"rcvbuf_actual":	212992,
		"test_start":	{
			"protocol":	"UDP",
			"num_streams":	1,
			"blksize":	1448,
			"omit":	0,
			"duration":	150,
			"bytes":	0,
			"blocks":	0,
			"reverse":	0,
			"tos":	16
		}
	},
	"intervals":	[{
			"streams":	[{
					"socket":	5,
					"start":	0,
					"end":	5.626269,
					"seconds":	5.6262688636779785,
					"bytes":	1448,
					"bits_per_second":	2058.9133368268081,
					"packets":	1,
					"omitted":	false,
					"sender":	true
				}],
			"sum":	{
				"start":	0,
				"end":	5.626269,
				"seconds":	5.6262688636779785,
				"bytes":	1448,
				"bits_per_second":	2058.9133368268081,
				"packets":	1,
				"omitted":	false,
				"sender":	true
			}
		}, {
			"streams":	[{
					"socket":	5,
					"start":	5.626269,
					"end":	10.000534,
					"seconds":	4.374265193939209,
					"bytes":	66608,
					"bits_per_second":	121817.94572910511,
					"packets":	46,
					"omitted":	false,
					"sender":	true
				}],
			"sum":	{
				"start":	5.626269,
				"end":	10.000534,
				"seconds":	4.374265193939209,
				"bytes":	66608,
				"bits_per_second":	121817.94572910511,
				"packets":	46,
				"omitted":	false,
				"sender":	true
			}
		}, {
			"streams":	[{
					"socket":	5,
					"start":	10.000534,
					"end":	15.000362,
					"seconds":	4.9998278617858887,
					"bytes":	0,
					"bits_per_second":	0,
					"packets":	0,
					"omitted":	false,
					"sender":	true
				}],
			"sum":	{
				"start":	10.000534,
				"end":	15.000362,
				"seconds":	4.9998278617858887,
				"bytes":	0,
				"bits_per_second":	0,
				"packets":	0,
				"omitted":	false,
				"sender":	true
			}
		}, {
			"streams":	[{
					"socket":	5,
					"start":	15.000362,
					"end":	20.000021,
					"seconds":	4.9996590614318848,
					"bytes":	0,
					"bits_per_second":	0,
					"packets":	0,
					"omitted":	false,
					"sender":	true
				}],
			"sum":	{
				"start":	15.000362,
				"end":	20.000021,
				"seconds":	4.9996590614318848,
				"bytes":	0,
				"bits_per_second":	0,
				"packets":	0,
				"omitted":	false,
				"sender":	true
			}
		}, {
			"streams":	[{
					"socket":	5,
					"start":	20.000021,
					"end":	25.00011,
					"seconds":	5.000089168548584,
					"bytes":	0,
					"bits_per_second":	0,
					"packets":	0,
					"omitted":	false,
					"sender":	true
				}],
			"sum":	{
				"start":	20.000021,
				"end":	25.00011,
				"seconds":	5.000089168548584,
				"bytes":	0,
				"bits_per_second":	0,
				"packets":	0,
				"omitted":	false,
				"sender":	true
			}
		}, {
			"streams":	[{
					"socket":	5,
					"start":	25.00011,
					"end":	30.000894,
					"seconds":	5.0007839202880859,
					"bytes":	46336,
					"bits_per_second":	74125.978228358508,
					"packets":	32,
					"omitted":	false,
					"sender":	true
				}],
			"sum":	{
				"start":	25.00011,
				"end":	30.000894,
				"seconds":	5.0007839202880859,
				"bytes":	46336,
				"bits_per_second":	74125.978228358508,
				"packets":	32,
				"omitted":	false,
				"sender":	true
			}
		}, {
			"streams":	[{
					"socket":	5,
					"start":	30.000894,
					"end":	35.000415,
					"seconds":	4.9995207786560059,
					"bytes":	3898016,
					"bits_per_second":	6237423.421287002,
					"packets":	2692,
					"omitted":	false,
					"sender":	true
				}],
			"sum":	{
				"start":	30.000894,
				"end":	35.000415,
				"seconds":	4.9995207786560059,
				"bytes":	3898016,
				"bits_per_second":	6237423.421287002,
				"packets":	2692,
				"omitted":	false,
				"sender":	true
			}
		}, {
			"streams":	[{
					"socket":	5,
					"start":	35.000415,
					"end":	40.000484,
					"seconds":	5.0000691413879395,
					"bytes":	1230800,
					"bits_per_second":	1969252.7686260748,
					"packets":	850,
					"omitted":	false,
					"sender":	true
				}],
			"sum":	{
				"start":	35.000415,
				"end":	40.000484,
				"seconds":	5.0000691413879395,
				"bytes":	1230800,
				"bits_per_second":	1969252.7686260748,
				"packets":	850,
				"omitted":	false,
				"sender":	true
			}
		}, {
			"streams":	[{
					"socket":	5,
					"start":	40.000484,
					"end":	45.000139,
					"seconds":	4.9996547698974609,
					"bytes":	587888,
					"bits_per_second":	940685.75060762791,
					"packets":	406,
					"omitted":	false,
					"sender":	true
				}],
			"sum":	{
				"start":	40.000484,
				"end":	45.000139,
				"seconds":	4.9996547698974609,
				"bytes":	587888,
				"bits_per_second":	940685.75060762791,
				"packets":	406,
				"omitted":	false,
				"sender":	true
			}
		}, {
			"streams":	[{
					"socket":	5,
					"start":	45.000139,
					"end":	50.000336,
					"seconds":	5.0001969337463379,
					"bytes":	4344,
					"bits_per_second":	6950.1262571197331,
					"packets":	3,
					"omitted":	false,
					"sender":	true
				}],
			"sum":	{
				"start":	45.000139,
				"end":	50.000336,
				"seconds":	5.0001969337463379,
				"bytes":	4344,
				"bits_per_second":	6950.1262571197331,
				"packets":	3,
				"omitted":	false,
				"sender":	true
			}
		}, {
			"streams":	[{
					"socket":	5,
					"start":	50.000336,
					"end":	55.000925,
					"seconds":	5.0005888938903809,
					"bytes":	0,
					"bits_per_second":	0,
					"packets":	0,
					"omitted":	false,
					"sender":	true
				}],
			"sum":	{
				"start":	50.000336,
				"end":	55.000925,
				"seconds":	5.0005888938903809,
				"bytes":	0,
				"bits_per_second":	0,
				"packets":	0,
				"omitted":	false,
				"sender":	true
			}
		}, {
			"streams":	[{
					"socket":	5,
					"start":	55.000925,
					"end":	60.000694,
					"seconds":	4.99976921081543,
					"bytes":	5792,
					"bits_per_second":	9267.6277736513566,
					"packets":	4,
					"omitted":	false,
					"sender":	true
				}],
			"sum":	{
				"start":	55.000925,
				"end":	60.000694,
				"seconds":	4.99976921081543,
				"bytes":	5792,
				"bits_per_second":	9267.6277736513566,
				"packets":	4,
				"omitted":	false,
				"sender":	true
			}
		}, {
			"streams":	[{
					"socket":	5,
					"start":	60.000694,
					"end":	65.000745,
					"seconds":	5.0000510215759277,
					"bytes":	23168,
					"bits_per_second":	37068.421742141116,
					"packets":	16,
					"omitted":	false,
					"sender":	true
				}],
			"sum":	{
				"start":	60.000694,
				"end":	65.000745,
				"seconds":	5.0000510215759277,
				"bytes":	23168,
				"bits_per_second":	37068.421742141116,
				"packets":	16,
				"omitted":	false,
				"sender":	true
			}
		}, {
			"streams":	[{
					"socket":	5,
					"start":	65.000745,
					"end":	70.00021,
					"seconds":	4.9994649887084961,
					"bytes":	21720,
					"bits_per_second":	34755.718940415492,
					"packets":	15,
					"omitted":	false,
					"sender":	true
				}],
			"sum":	{
				"start":	65.000745,
				"end":	70.00021,
				"seconds":	4.9994649887084961,
				"bytes":	21720,
				"bits_per_second":	34755.718940415492,
				"packets":	15,
				"omitted":	false,
				"sender":	true
			}
		}, {
			"streams":	[{
					"socket":	5,
					"start":	70.00021,
					"end":	75.000521,
					"seconds":	5.0003108978271484,
					"bytes":	13032,
					"bits_per_second":	20849.903562057261,
					"packets":	9,
					"omitted":	false,
					"sender":	true
				}],
			"sum":	{
				"start":	70.00021,
				"end":	75.000521,
				"seconds":	5.0003108978271484,
				"bytes":	13032,
				"bits_per_second":	20849.903562057261,
				"packets":	9,
				"omitted":	false,
				"sender":	true
			}
		}, {
			"streams":	[{
					"socket":	5,
					"start":	75.000521,
					"end":	80.00031,
					"seconds":	4.9997892379760742,
					"bytes":	11584,