packet_seq_no,packet_delay_in_secs,flow_id
1,0.006565,6
1,0.006593,7
2,0.280173,6
10,0.773511,6
26,1.177425,6
42,1.607041,6
57,2.021815,6
74,2.420066,6
89,2.822282,6
7,4.236665,7
22,4.628168,7
38,5.036365,7
54,5.467555,7
70,5.894554,7
86,6.286096,7
1,7.703852,8
11,8.173285,8
7,8.788362,9
30,9.120581,8
14,9.848447,10
49,10.061827,8
59,10.535924,8
68,11.02241,8
