packet_seq_no,packet_delay_in_secs,flow_id
1,0.006584,11
1,0.006603,12
1,0.14866,15
2,0.423266,11
3,0.697388,11
4,0.981046,11
5,1.2451,11
9,1.495076,11
25,1.624341,11
41,1.739456,11
56,1.87558,11
73,1.986284,11
89,2.11217,11
5,3.235031,12
20,3.369219,12
34,3.514619,12
48,3.676277,12
65,3.791501,12
80,3.908899,12
92,4.051769,12
3,5.2617,15
16,5.404584,13
24,5.604249,13
